uniprot_ac,gene_name,full_name,organism,protein_length,uniprot_reviewed,protein_evidence,pdb_count,alphafold_conf,chembl_count,panther_family_name,panther_sf_name,panther_annotation
P96262,thiS,,Mycobacterium tuberculosis (strain ATCC 25618 / H37Rv),68,False,False,0,95.0,0,SULFUR CARRIER PROTEIN THIS,SULFUR CARRIER PROTEIN THIS,transfer/carrier protein
P9WG75,thiE,Thiamine-phosphate synthase,Mycobacterium tuberculosis (strain ATCC 25618 / H37Rv),222,True,True,1,95.5,0,THIAMINE-PHOSPHATE PYROPHOSPHORYLASE,THIAMINE-PHOSPHATE SYNTHASE,transferase
P9WGD5,ssb,Single-stranded DNA-binding protein,Mycobacterium tuberculosis (strain ATCC 25618 / H37Rv),164,True,True,6,84.69,0,SINGLE-STRANDED DNA-BINDING PROTEIN,SINGLE-STRANDED DNA-BINDING PROTEIN,DNA metabolism protein
P9WH45,rpsS,Small ribosomal subunit protein uS19,Mycobacterium tuberculosis (strain ATCC 25618 / H37Rv),93,True,True,10,88.25,0,RIBOSOMAL PROTEIN S19P FAMILY MEMBER,SMALL RIBOSOMAL SUBUNIT PROTEIN US19M,ribosomal protein
P9WH51,rpsQ,Small ribosomal subunit protein uS17,Mycobacterium tuberculosis (strain ATCC 25618 / H37Rv),135,True,True,10,80.81,0,40S RIBOSOMAL PROTEIN S11 FAMILY MEMBER,SMALL RIBOSOMAL SUBUNIT PROTEIN US17M,ribosomal protein
P9WH61,rpsM,Small ribosomal subunit protein uS13,Mycobacterium tuberculosis (strain ATCC 25618 / H37Rv),124,True,True,10,91.62,0,30S RIBOSOMAL PROTEIN S13/40S RIBOSOMAL PROTEIN S18,SMALL RIBOSOMAL SUBUNIT PROTEIN US13M,ribosomal protein
P9WH29,rpsG,Small ribosomal subunit protein uS7,Mycobacterium tuberculosis (strain ATCC 25618 / H37Rv),156,True,True,11,94.56,0,RIBOSOMAL PROTEIN S7,SMALL RIBOSOMAL SUBUNIT PROTEIN US7M,ribosomal protein
P9WH31,rpsF,Small ribosomal subunit protein bS6,Mycobacterium tuberculosis (strain ATCC 25618 / H37Rv),96,True,True,10,94.44,0,MITOCHONDRIAL 28S RIBOSOMAL PROTEIN S6,SMALL RIBOSOMAL SUBUNIT PROTEIN BS6M,ribosomal protein
P9WGY5,rpoZ,DNA-directed RNA polymerase subunit omega,Mycobacterium tuberculosis (strain ATCC 25618 / H37Rv),110,True,True,81,83.06,0,DNA-DIRECTED RNA POLYMERASE SUBUNIT OMEGA,DNA-DIRECTED RNA POLYMERASE SUBUNIT OMEGA,DNA-directed RNA polymerase
P9WHB7,rplX,Large ribosomal subunit protein uL24,Mycobacterium tuberculosis (strain ATCC 25618 / H37Rv),105,True,True,11,91.19,0,MITOCHONDRIAL RIBOSOMAL PROTEIN L24,LARGE RIBOSOMAL SUBUNIT PROTEIN UL24M,ribosomal protein
P9WHE7,rplJ,Large ribosomal subunit protein uL10,Mycobacterium tuberculosis (strain ATCC 25618 / H37Rv),178,True,True,0,85.12,0,"39S RIBOSOMAL PROTEIN L10, MITOCHONDRIAL",LARGE RIBOSOMAL SUBUNIT PROTEIN UL10M,ribosomal protein
P9WN65,rmlB,"dTDP-glucose 4,6-dehydratase",Mycobacterium tuberculosis (strain ATCC 25618 / H37Rv),331,True,True,0,97.19,0,"DTDP-D-GLUCOSE 4,6-DEHYDRATASE-RELATED","DTDP-D-GLUCOSE 4,6-DEHYDRATASE",dehydratase
P9WHK9,pyrE,Orotate phosphoribosyltransferase,Mycobacterium tuberculosis (strain ATCC 25618 / H37Rv),179,True,True,3,93.31,0,OROTATE PHOSPHORIBOSYLTRANSFERASE,URIDINE 5'-MONOPHOSPHATE SYNTHASE,transferase
I6YB06,nrdH,Glutaredoxin-like protein NrdH,Mycobacterium tuberculosis (strain ATCC 25618 / H37Rv),79,False,True,2,93.38,0,GLUTAREDOXIN,GLUTAREDOXIN-LIKE PROTEIN NRDH,oxidoreductase
P9WN41,glmM,Phosphoglucosamine mutase,Mycobacterium tuberculosis (strain ATCC 25618 / H37Rv),448,True,True,0,94.62,0,PHOSPHOHEXOSE MUTASE,"PHOSPHOGLUCOMUTASE (ALPHA-D-GLUCOSE-1,6-BISPHOSPHATE-DEPENDENT)",mutase
P9WK83,lipB,Octanoyltransferase,Mycobacterium tuberculosis (strain ATCC 25618 / H37Rv),230,True,True,1,95.19,0,OCTANOYLTRANSFERASE,"LIPOYLTRANSFERASE 2, MITOCHONDRIAL-RELATED",transferase
I6YFP0,birA,Biotin--[acetyl-CoA-carboxylase] ligase,Mycobacterium tuberculosis (strain ATCC 25618 / H37Rv),266,True,True,13,96.38,13,BIOTIN PROTEIN LIGASE,BIOTIN--PROTEIN LIGASE,ligase
P96886,accE5,Biotin-dependent acetyl-/propionyl-coenzyme A carboxylase epsilon subunit,Mycobacterium tuberculosis (strain ATCC 25618 / H37Rv),177,True,True,0,56.44,0,,,
I6XWB9,Rv0810c,DUF3073 domain-containing protein,Mycobacterium tuberculosis (strain ATCC 25618 / H37Rv),60,False,False,0,76.94,0,,,
P9WIC1,Rv0948c,Intracellular chorismate mutase,Mycobacterium tuberculosis (strain ATCC 25618 / H37Rv),105,True,True,7,86.12,14,CHORISMATE MUTASE,CHORISMATE MUTASE,mutase
P96357,Rv1044,AbiEi antitoxin C-terminal domain-containing protein,Mycobacterium tuberculosis (strain ATCC 25618 / H37Rv),207,False,True,0,91.19,0,,,
P9WLP7,mbcA,Mycobacterial cidal antitoxin MbcA,Mycobacterium tuberculosis (strain ATCC 25618 / H37Rv),113,True,True,1,94.88,0,,,
O53520,Rv2186c,Polyketide cyclase / dehydrase and lipid transport,Mycobacterium tuberculosis (strain ATCC 25618 / H37Rv),129,False,True,2,95.06,0,,,
P71730,holA,Probable DNA polymerase III subunit delta,Mycobacterium tuberculosis (strain ATCC 25618 / H37Rv),322,True,True,0,90.5,0,DNA POLYMERASE III SUBUNIT DELTA,DNA POLYMERASE III SUBUNIT DELTA,DNA metabolism protein
Q79FD9,Rv2438A,,Mycobacterium tuberculosis (strain ATCC 25618 / H37Rv),92,False,False,0,54.12,0,,,
O05844,Rv3222c,,Mycobacterium tuberculosis (strain ATCC 25618 / H37Rv),183,False,False,0,48.22,0,,,
P9WKX3,bpa,Bacterial proteasome activator,Mycobacterium tuberculosis (strain ATCC 25618 / H37Rv),174,True,True,9,82.12,0,,,
O53353,whiB2,Transcriptional regulator WhiB2,Mycobacterium tuberculosis (strain ATCC 25618 / H37Rv),89,True,True,0,80.0,0,TRANSCRIPTIONAL REGULATOR WHID-RELATED,TRANSCRIPTIONAL REGULATOR WHIB,DNA-binding transcription factor
P9WF45,whiA,Probable cell division protein WhiA,Mycobacterium tuberculosis (strain ATCC 25618 / H37Rv),327,True,True,0,94.19,0,CELL DIVISION PROTEIN WHIA-RELATED,CELL DIVISION PROTEIN WHIA-RELATED,
P9WMY3,wbbL,N-acetylglucosaminyl-diphospho-decaprenol L-rhamnosyltransferase,Mycobacterium tuberculosis (strain ATCC 25618 / H37Rv),307,True,True,0,88.19,0,RHAMNOSYLTRANSFERASE WBBL,RHAMNOSYLTRANSFERASE WBBL,glycosyltransferase
P9WMU1,wag31,Cell wall synthesis protein Wag31,Mycobacterium tuberculosis (strain ATCC 25618 / H37Rv),260,True,True,1,83.5,0,CELL DIVISION PROTEIN DIVIVA,CELL DIVISION PROTEIN DIVIVA,
P9WFS9,valS,Valine--tRNA ligase,Mycobacterium tuberculosis (strain ATCC 25618 / H37Rv),886,True,True,0,93.06,0,VALYL-TRNA SYNTHETASES,"VALINE--TRNA LIGASE, CHLOROPLASTIC_MITOCHONDRIAL 2",aminoacyl-tRNA synthetase
P9WFR5,Rv3806c,Decaprenyl-phosphate phosphoribosyltransferase,Mycobacterium tuberculosis (strain ATCC 25618 / H37Rv),302,True,True,2,91.25,0,PRENYLTRANSFERASES,DECAPRENYL-PHOSPHATE PHOSPHORIBOSYLTRANSFERASE,acyltransferase
P9WFT1,tyrS,Tyrosine--tRNA ligase,Mycobacterium tuberculosis (strain ATCC 25618 / H37Rv),424,True,True,1,92.62,0,TYROSYL-TRNA SYNTHETASE,"TYROSINE--TRNA LIGASE, MITOCHONDRIAL",aminoacyl-tRNA synthetase
O69721,tyrA,Prephenate dehydrogenase,Mycobacterium tuberculosis (strain ATCC 25618 / H37Rv),323,True,True,0,95.19,0,PREPHENATE DEHYDROGENASE,PREPHENATE DEHYDROGENASE [NADP(+)],dehydrogenase
P9WNN1,tuf,Elongation factor Tu,Mycobacterium tuberculosis (strain ATCC 25618 / H37Rv),396,True,True,2,92.81,0,ELONGATION FACTOR TU-RELATED,"ELONGATION FACTOR TU, MITOCHONDRIAL",translation elongation factor
P9WNM1,tsf,Elongation factor Ts,Mycobacterium tuberculosis (strain ATCC 25618 / H37Rv),271,True,True,1,95.81,0,ELONGATION FACTOR TS,"ELONGATION FACTOR TS, MITOCHONDRIAL",translation elongation factor
P9WHH1,trxB,Thioredoxin reductase,Mycobacterium tuberculosis (strain ATCC 25618 / H37Rv),335,True,True,1,91.62,17,THIOREDOXIN REDUCTASE 1-RELATED-RELATED,THIOREDOXIN REDUCTASE 1-RELATED,reductase
P9WFT3,trpS,Tryptophan--tRNA ligase,Mycobacterium tuberculosis (strain ATCC 25618 / H37Rv),336,True,True,6,94.0,65366,"TRYPTOPHAN--TRNA LIGASE, MITOCHONDRIAL","TRYPTOPHAN--TRNA LIGASE, MITOCHONDRIAL",aminoacyl-tRNA synthetase
P9WN35,trpG,Anthranilate synthase component 2,Mycobacterium tuberculosis (strain ATCC 25618 / H37Rv),232,True,True,0,90.88,0,MULTIFUNCTIONAL TRYPTOPHAN BIOSYNTHESIS PROTEIN-RELATED,MULTIFUNCTIONAL TRYPTOPHAN BIOSYNTHESIS PROTEIN,
P9WFX3,trpE,Anthranilate synthase component 1,Mycobacterium tuberculosis (strain ATCC 25618 / H37Rv),516,True,True,0,94.81,0,AMINOBENZOATE/ANTHRANILATE SYNTHASE,ANTHRANILATE SYNTHASE COMPONENT 1,
P9WFX5,trpD,Anthranilate phosphoribosyltransferase,Mycobacterium tuberculosis (strain ATCC 25618 / H37Rv),370,True,True,36,92.25,0,ANTHRANILATE PHOSPHORIBOSYLTRANSFERASE,ANTHRANILATE PHOSPHORIBOSYLTRANSFERASE,glycosyltransferase
P9WFX7,trpC,Indole-3-glycerol phosphate synthase,Mycobacterium tuberculosis (strain ATCC 25618 / H37Rv),272,True,True,7,94.62,0,TRYPTOPHAN BIOSYNTHESIS PROTEIN,INDOLE-3-GLYCEROL-PHOSPHATE SYNTHASE,isomerase
P9WFX9,trpB,Tryptophan synthase beta chain,Mycobacterium tuberculosis (strain ATCC 25618 / H37Rv),421,True,True,14,95.38,0,TRYPTOPHAN SYNTHASE-RELATED,TRYPTOPHAN SYNTHASE,
P9WFY1,trpA,Tryptophan synthase alpha chain,Mycobacterium tuberculosis (strain ATCC 25618 / H37Rv),270,True,True,12,92.5,0,"TRYPTOPHAN SYNTHASE, ALPHA CHAIN","TRYPTOPHAN SYNTHASE ALPHA CHAIN, CHLOROPLASTIC",lyase
P9WG43,tpiA,Triosephosphate isomerase,Mycobacterium tuberculosis (strain ATCC 25618 / H37Rv),261,True,True,3,96.81,0,TRIOSEPHOSPHATE ISOMERASE,TRIOSEPHOSPHATE ISOMERASE,isomerase
P9WG49,topA,DNA topoisomerase 1,Mycobacterium tuberculosis (strain ATCC 25618 / H37Rv),934,True,True,7,88.56,0,"DNA TOPOISOMERASE, TYPE IA, CORE",DNA TOPOISOMERASE,DNA metabolism protein
P9WKE1,tmk,Thymidylate kinase,Mycobacterium tuberculosis (strain ATCC 25618 / H37Rv),214,True,True,21,95.38,266,THYMIDYLATE KINASE,"UMP-CMP KINASE 2, MITOCHONDRIAL",nucleotide kinase
P9WG25,tkt,Transketolase,Mycobacterium tuberculosis (strain ATCC 25618 / H37Rv),700,True,True,1,97.25,0,TRANSKETOLASE,TRANSKETOLASE 1-RELATED,transketolase
P9WG57,thyX,Flavin-dependent thymidylate synthase,Mycobacterium tuberculosis (strain ATCC 25618 / H37Rv),250,True,True,4,95.5,26,FLAVIN-DEPENDENT THYMIDYLATE SYNTHASE,FLAVIN-DEPENDENT THYMIDYLATE SYNTHASE,
P9WFT5,thrS,Threonine--tRNA ligase,Mycobacterium tuberculosis (strain ATCC 25618 / H37Rv),692,True,True,0,91.75,0,THREONINE-TRNA LIGASE,"THREONINE--TRNA LIGASE, CHLOROPLASTIC_MITOCHONDRIAL 2",aminoacyl-tRNA synthetase
P9WG59,thrC,Threonine synthase,Mycobacterium tuberculosis (strain ATCC 25618 / H37Rv),360,True,True,1,95.25,0,CYSTATHIONINE BETA-SYNTHASE,"THREONINE SYNTHASE 1, CHLOROPLASTIC",lyase
P9WKE7,thrB,Homoserine kinase,Mycobacterium tuberculosis (strain ATCC 25618 / H37Rv),316,True,True,0,95.19,0,HOMOSERINE/4-DIPHOSPHOCYTIDYL-2-C-METHYL-D-ERYTHRITOL KINASE,HOMOSERINE KINASE,kinase
P9WPX1,hom,Homoserine dehydrogenase,Mycobacterium tuberculosis (strain ATCC 25618 / H37Rv),441,True,True,0,94.5,0,HOMOSERINE DEHYDROGENASE,HOMOSERINE DEHYDROGENASE,dehydrogenase
P96261,thiO,glycine oxidase,Mycobacterium tuberculosis (strain ATCC 25618 / H37Rv),340,False,True,0,94.56,0,SARCOSINE DEHYDROGENASE-RELATED,GLYCINE OXIDASE,dehydrogenase
P9WG71,thiL,Thiamine-monophosphate kinase,Mycobacterium tuberculosis (strain ATCC 25618 / H37Rv),333,True,True,0,92.19,0,THIAMINE-MONOPHOSPHATE KINASE,THIAMINE-MONOPHOSPHATE KINASE,kinase
P9WG73,thiG,Thiazole synthase,Mycobacterium tuberculosis (strain ATCC 25618 / H37Rv),252,True,True,1,94.0,0,THIAZOLE SYNTHASE,THIAZOLE SYNTHASE,
P9WG79,thiC,Phosphomethylpyrimidine synthase,Mycobacterium tuberculosis (strain ATCC 25618 / H37Rv),547,True,True,0,94.38,0,THIAMINE BIOSYNTHESIS PROTEIN THIC,"PHOSPHOMETHYLPYRIMIDINE SYNTHASE, CHLOROPLASTIC",
L7N657,TB18.5,,Mycobacterium tuberculosis (strain ATCC 25618 / H37Rv),161,False,True,0,90.94,0,CONSERVED PROTEIN TB16.3,COENZYME Q-BINDING PROTEIN COQ10 START DOMAIN-CONTAINING PROTEIN,
P9WFC9,Rv1636,Universal stress protein Rv1636,Mycobacterium tuberculosis (strain ATCC 25618 / H37Rv),146,True,True,1,88.75,0,STRESS RESPONSE PROTEIN NHAX,UNIVERSAL STRESS PROTEIN UP12,
P9WGC7,sucD,Succinate--CoA ligase [ADP-forming] subunit alpha,Mycobacterium tuberculosis (strain ATCC 25618 / H37Rv),303,True,True,0,95.12,0,SUCCINYL-COA LIGASE SUBUNIT ALPHA,"SUCCINATE--COA LIGASE [ADP_GDP-FORMING] SUBUNIT ALPHA, MITOCHONDRIAL",ligase
P9WGC5,sucC,Succinate--CoA ligase [ADP-forming] subunit beta,Mycobacterium tuberculosis (strain ATCC 25618 / H37Rv),387,True,True,0,94.75,0,SUCCINYL-COA SYNTHETASE BETA CHAIN,"SUCCINATE--COA LIGASE [GDP-FORMING] SUBUNIT BETA, MITOCHONDRIAL",ligase
P9WGE7,sodB,Superoxide dismutase [Fe],Mycobacterium tuberculosis (strain ATCC 25618 / H37Rv),207,True,True,5,97.75,0,SUPEROXIDE DISMUTASE 2,"SUPEROXIDE DISMUTASE [MN], MITOCHONDRIAL",oxidoreductase
P9WGD3,smpB,SsrA-binding protein,Mycobacterium tuberculosis (strain ATCC 25618 / H37Rv),160,True,True,0,89.06,0,TMRNA-BINDING COMPONENT OF TRANS-TRANSLATION TAGGING COMPLEX,SSRA-BINDING PROTEIN,translation factor
P9WGI1,sigA,RNA polymerase sigma factor SigA,Mycobacterium tuberculosis (strain ATCC 25618 / H37Rv),528,True,True,51,71.12,0,RNA POLYMERASE SIGMA FACTOR RPO,RNA POLYMERASE PRINCIPAL SIGMA FACTOR HRDA,Sigma factor
P9WFT7,serS,Serine--tRNA ligase,Mycobacterium tuberculosis (strain ATCC 25618 / H37Rv),419,True,True,0,96.06,0,SERYL-TRNA SYNTHETASE,"SERINE--TRNA LIGASE, CYTOPLASMIC",aminoacyl-tRNA synthetase
P9WQ73,serC,Phosphoserine aminotransferase,Mycobacterium tuberculosis (strain ATCC 25618 / H37Rv),376,True,True,2,97.5,0,AMINOTRANSFERASE CLASS V,ALANINE--GLYOXYLATE AMINOTRANSFERASE,transaminase
O53289,serB2,Phosphoserine phosphatase SerB2,Mycobacterium tuberculosis (strain ATCC 25618 / H37Rv),409,True,True,0,93.56,13,PHOSPHOSERINE PHOSPHATASE,PHOSPHOSERINE PHOSPHATASE,phosphatase
P9WNX3,serA,D-3-phosphoglycerate dehydrogenase,Mycobacterium tuberculosis (strain ATCC 25618 / H37Rv),528,True,True,3,95.0,0,FORMATE DEHYDROGENASE 1,HYDROXYPYRUVATE REDUCTASE,dehydrogenase
P9WGN3,secY,Protein translocase subunit SecY,Mycobacterium tuberculosis (strain ATCC 25618 / H37Rv),441,True,True,0,73.88,0,SECY/SEC61-ALPHA FAMILY MEMBER,"PREPROTEIN TRANSLOCASE SUBUNIT SCY2, CHLOROPLASTIC",transporter
P9WGN7,secE,Protein translocase subunit SecE,Mycobacterium tuberculosis (strain ATCC 25618 / H37Rv),161,True,True,0,64.75,0,PROTEIN TRANSLOCASE SUBUNIT SECE,PROTEIN TRANSLOCASE SUBUNIT SECE,
P9WGP1,secD,Protein translocase subunit SecD,Mycobacterium tuberculosis (strain ATCC 25618 / H37Rv),573,True,True,0,82.25,0,PROTEIN-EXPORT MEMBRANE PROTEIN SEC,PROTEIN TRANSLOCASE SUBUNIT SECD,
P9WGV3,ahcY,Adenosylhomocysteinase,Mycobacterium tuberculosis (strain ATCC 25618 / H37Rv),495,True,True,5,96.44,0,ADENOSYLHOMOCYSTEINASE,ADENOSYLHOMOCYSTEINASE,hydrolase
P9WH49,rpsR1,Small ribosomal subunit protein bS18A,Mycobacterium tuberculosis (strain ATCC 25618 / H37Rv),84,True,True,10,83.75,0,30S RIBOSOMAL PROTEIN S18,SMALL RIBOSOMAL SUBUNIT PROTEIN BS18A,ribosomal protein
P9WH63,rpsL,Small ribosomal subunit protein uS12,Mycobacterium tuberculosis (strain ATCC 25618 / H37Rv),124,True,True,10,95.5,0,30S RIBOSOMAL PROTEIN S12 FAMILY MEMBER,"MITOCHONDRIAL RIBOSOMAL PROTEIN, SMALL",ribosomal protein
P9WH25,rpsI,Small ribosomal subunit protein uS9,Mycobacterium tuberculosis (strain ATCC 25618 / H37Rv),151,True,True,10,85.81,0,RIBOSOMAL PROTEIN S9,SMALL RIBOSOMAL SUBUNIT PROTEIN US9M,ribosomal protein
P9WH27,rpsH,Small ribosomal subunit protein uS8,Mycobacterium tuberculosis (strain ATCC 25618 / H37Rv),132,True,True,10,95.88,0,40S RIBOSOMAL PROTEIN S15A,SMALL RIBOSOMAL SUBUNIT PROTEIN US8M,ribosomal protein
P9WH33,rpsE,Small ribosomal subunit protein uS5,Mycobacterium tuberculosis (strain ATCC 25618 / H37Rv),220,True,True,10,85.25,0,RIBOSOMAL S SUBUNIT,SMALL RIBOSOMAL SUBUNIT PROTEIN US5M,ribosomal protein
P9WH35,rpsD,Small ribosomal subunit protein uS4,Mycobacterium tuberculosis (strain ATCC 25618 / H37Rv),201,True,True,10,92.19,0,30S 40S RIBOSOMAL PROTEIN,SMALL RIBOSOMAL SUBUNIT PROTEIN US4M,ribosomal protein
P9WH37,rpsC,Small ribosomal subunit protein uS3,Mycobacterium tuberculosis (strain ATCC 25618 / H37Rv),274,True,True,10,82.06,0,30S/40S RIBOSOMAL PROTEIN S3,SMALL RIBOSOMAL SUBUNIT PROTEIN US3C,ribosomal protein
P9WH39,rpsB,Small ribosomal subunit protein uS2,Mycobacterium tuberculosis (strain ATCC 25618 / H37Rv),287,True,True,0,84.0,0,30S RIBOSOMAL PROTEIN S2  PROKARYOTIC AND ORGANELLAR,SMALL RIBOSOMAL SUBUNIT PROTEIN US2M,ribosomal protein
P9WH43,rpsA,Small ribosomal subunit protein bS1,Mycobacterium tuberculosis (strain ATCC 25618 / H37Rv),481,True,True,3,71.31,0,30S RIBOSOMAL PROTEIN S1,SMALL RIBOSOMAL SUBUNIT PROTEIN BS1C,ribosomal protein
P9WGY7,rpoC,DNA-directed RNA polymerase subunit beta',Mycobacterium tuberculosis (strain ATCC 25618 / H37Rv),1316,True,True,81,88.38,0,DNA-DIRECTED RNA POLYMERASE,DNA-DIRECTED RNA POLYMERASE SUBUNIT BETA',DNA-directed RNA polymerase
P9WGY9,rpoB,DNA-directed RNA polymerase subunit beta,Mycobacterium tuberculosis (strain ATCC 25618 / H37Rv),1178,True,True,89,91.12,10,DNA-DIRECTED RNA POLYMERASE I SUBUNIT 2,DNA-DIRECTED RNA POLYMERASE SUBUNIT BETA,DNA-directed RNA polymerase
P9WGZ1,rpoA,DNA-directed RNA polymerase subunit alpha,Mycobacterium tuberculosis (strain ATCC 25618 / H37Rv),347,True,True,82,85.62,0,DNA-DIRECTED RNA POLYMERASE SUBUNIT ALPHA,DNA-DIRECTED RNA POLYMERASE SUBUNIT ALPHA,DNA-directed RNA polymerase
P9WHB9,rplW,Large ribosomal subunit protein uL23,Mycobacterium tuberculosis (strain ATCC 25618 / H37Rv),100,True,True,11,91.44,0,60S RIBOSOMAL PROTEIN L23A,60S RIBOSOMAL PROTEIN L23A,ribosomal protein
P9WHC1,rplV,Large ribosomal subunit protein uL22,Mycobacterium tuberculosis (strain ATCC 25618 / H37Rv),197,True,True,11,77.81,0,CHLOROPLAST 50S RIBOSOMAL PROTEIN L22-RELATED,LARGE RIBOSOMAL SUBUNIT PROTEIN UL22M,ribosomal protein
P9WHC5,rplT,Large ribosomal subunit protein bL20,Mycobacterium tuberculosis (strain ATCC 25618 / H37Rv),129,True,True,11,94.81,0,39S RIBOSOMAL PROTEIN L20,LARGE RIBOSOMAL SUBUNIT PROTEIN BL20C,ribosomal protein
P9WHD1,rplR,Large ribosomal subunit protein uL18,Mycobacterium tuberculosis (strain ATCC 25618 / H37Rv),122,True,True,11,96.06,0,"39S RIBOSOMAL PROTEIN L18, MITOCHONDRIAL",LARGE RIBOSOMAL SUBUNIT PROTEIN UL18M,ribosomal protein
P9WHD5,rplP,Large ribosomal subunit protein uL16,Mycobacterium tuberculosis (strain ATCC 25618 / H37Rv),138,True,True,11,95.25,0,50S/60S RIBOSOMAL PROTEIN L16,LARGE RIBOSOMAL SUBUNIT PROTEIN UL16M,ribosomal protein
P9WHD9,rplN,Large ribosomal subunit protein uL14,Mycobacterium tuberculosis (strain ATCC 25618 / H37Rv),122,True,True,11,96.56,0,50S/60S RIBOSOMAL PROTEIN L14/L23,LARGE RIBOSOMAL SUBUNIT PROTEIN UL14M,ribosomal protein
P9WHE1,rplM,Large ribosomal subunit protein uL13,Mycobacterium tuberculosis (strain ATCC 25618 / H37Rv),147,True,True,11,93.75,0,RIBOSOMAL PROTEIN L13,LARGE RIBOSOMAL SUBUNIT PROTEIN UL13M,ribosomal protein
P9WH81,rplF,Large ribosomal subunit protein uL6,Mycobacterium tuberculosis (strain ATCC 25618 / H37Rv),179,True,True,11,93.25,0,60S/50S RIBOSOMAL PROTEIN L6/L9,LARGE RIBOSOMAL SUBUNIT PROTEIN UL6M,ribosomal protein
P9WH83,rplE,Large ribosomal subunit protein uL5,Mycobacterium tuberculosis (strain ATCC 25618 / H37Rv),187,True,True,11,91.62,0,60S RIBOSOMAL PROTEIN L11-RELATED,LARGE RIBOSOMAL SUBUNIT PROTEIN UL5M,ribosomal protein
P9WH85,rplD,Large ribosomal subunit protein uL4,Mycobacterium tuberculosis (strain ATCC 25618 / H37Rv),223,True,True,11,91.31,0,50S RIBOSOMAL PROTEIN L4,LARGE RIBOSOMAL SUBUNIT PROTEIN UL4M,ribosomal protein
P9WH87,rplC,Large ribosomal subunit protein uL3,Mycobacterium tuberculosis (strain ATCC 25618 / H37Rv),217,True,True,11,94.19,0,50S RIBOSOMAL PROTEIN L3,LARGE RIBOSOMAL SUBUNIT PROTEIN UL3C,ribosomal protein
P9WHA5,rplB,Large ribosomal subunit protein uL2,Mycobacterium tuberculosis (strain ATCC 25618 / H37Rv),280,True,True,10,95.62,0,RIBOSOMAL PROTEIN L2,LARGE RIBOSOMAL SUBUNIT PROTEIN UL2M,ribosomal protein
P9WHC7,rplA,Large ribosomal subunit protein uL1,Mycobacterium tuberculosis (strain ATCC 25618 / H37Rv),235,True,True,7,92.56,0,"54S RIBOSOMAL PROTEIN L1, MITOCHONDRIAL",LARGE RIBOSOMAL SUBUNIT PROTEIN UL1M,ribosomal protein
P9WKD7,rpiB,Ribose-5-phosphate isomerase B,Mycobacterium tuberculosis (strain ATCC 25618 / H37Rv),162,True,True,6,97.5,10,RIBOSE-5-PHOSPHATE ISOMERASE B,DNA DAMAGE-REPAIR_TOLERATION PROTEIN DRT102,isomerase
P9WH03,rnc,Ribonuclease 3,Mycobacterium tuberculosis (strain ATCC 25618 / H37Rv),240,True,True,1,90.56,0,RIBONUCLEASE III,RIBONUCLEASE 3,endoribonuclease
P9WH09,rmlD,dTDP-4-dehydrorhamnose reductase,Mycobacterium tuberculosis (strain ATCC 25618 / H37Rv),304,True,True,0,93.06,50,DTDP-4-DEHYDRORHAMNOSE REDUCTASE,METHIONINE ADENOSYLTRANSFERASE 2 SUBUNIT BETA,reductase
P9WH11,rmlC,"dTDP-4-dehydrorhamnose 3,5-epimerase",Mycobacterium tuberculosis (strain ATCC 25618 / H37Rv),202,True,True,3,97.75,1,"DTDP-6-DEOXY-D-GLUCOSE-3,5 EPIMERASE","THYMIDINE DIPHOSPHO-4-KETO-RHAMNOSE 3,5-EPIMERASE",epimerase/racemase
P9WH13,rmlA,Glucose-1-phosphate thymidylyltransferase,Mycobacterium tuberculosis (strain ATCC 25618 / H37Rv),288,True,True,2,95.56,0,GLUCOSE-1-PHOSPHATE THYMIDYLYLTRANSFERASE,GLUCOSE-1-PHOSPHATE THYMIDYLYLTRANSFERASE 1,nucleotidyltransferase
P9WHE9,ribH,"6,7-dimethyl-8-ribityllumazine synthase",Mycobacterium tuberculosis (strain ATCC 25618 / H37Rv),160,True,True,8,95.25,8,"6,7-DIMETHYL-8-RIBITYLLUMAZINE SYNTHASE  DMRL SYNTHASE   LUMAZINE SYNTHASE","6,7-DIMETHYL-8-RIBITYLLUMAZINE SYNTHASE",transferase
P9WPH1,ribD,Riboflavin biosynthesis protein RibD,Mycobacterium tuberculosis (strain ATCC 25618 / H37Rv),339,True,True,0,95.94,0,CYTOSINE DEAMINASE FAMILY MEMBER,"RIBOFLAVIN BIOSYNTHESIS PROTEIN PYRD, CHLOROPLASTIC",deaminase
I6X5C9,ribF,Riboflavin biosynthesis protein,Mycobacterium tuberculosis (strain ATCC 25618 / H37Rv),331,False,True,0,91.88,0,RIBOFLAVIN KINASE/FMN ADENYLYLTRANSFERASE,RIBOFLAVIN KINASE,
P9WHF1,ribBA,Riboflavin biosynthesis protein RibBA,Mycobacterium tuberculosis (strain ATCC 25618 / H37Rv),425,True,True,0,89.69,0,GTP CYCLOHYDROLASE II-RELATED,"3,4-DIHYDROXY-2-BUTANONE 4-PHOSPHATE SYNTHASE",hydrolase
P9WHF3,rho,Transcription termination factor Rho,Mycobacterium tuberculosis (strain ATCC 25618 / H37Rv),602,True,True,1,76.31,0,TRANSCRIPTION TERMINATION FACTOR RHO,TRANSCRIPTION TERMINATION FACTOR RHO,
P9WMW5,wecA,Decaprenyl-phosphate N-acetylglucosaminephosphotransferase,Mycobacterium tuberculosis (strain ATCC 25618 / H37Rv),404,True,True,0,80.69,0,PHOSPHO-N-ACETYLMURAMOYL-PENTAPEPTIDE-TRANSFERASE,UNDECAPRENYL-PHOSPHATE ALPHA-N-ACETYLGLUCOSAMINYL 1-PHOSPHATE TRANSFERASE,glycosyltransferase
P72047,rfbE,,Mycobacterium tuberculosis (strain ATCC 25618 / H37Rv),273,False,True,0,89.12,0,TEICHOIC ACIDS EXPORT ATP-BINDING PROTEIN TAGH,TEICHOIC ACIDS EXPORT ATP-BINDING PROTEIN TAGH,
P72049,rfbD,,Mycobacterium tuberculosis (strain ATCC 25618 / H37Rv),280,False,True,0,91.12,0,INNER MEMBRANE TRANSPORT PERMEASE,CAPSULE POLYSACCHARIDE EXPORT INNER-MEMBRANE PROTEIN CTRC,
P9WHK5,pyrH,Uridylate kinase,Mycobacterium tuberculosis (strain ATCC 25618 / H37Rv),261,True,True,4,88.12,0,URIDYLATE KINASE,"URIDYLATE KINASE PUMPKIN, CHLOROPLASTIC",nucleotide kinase
P9WHK7,pyrG,CTP synthase,Mycobacterium tuberculosis (strain ATCC 25618 / H37Rv),586,True,True,7,90.5,0,CTP SYNTHASE,CTP SYNTHASE-RELATED,ligase
P9WIU3,pyrF,Orotidine 5'-phosphate decarboxylase,Mycobacterium tuberculosis (strain ATCC 25618 / H37Rv),274,True,True,0,95.12,0,OROTIDINE 5'-PHOSPHATE DECARBOXYLASE,OROTIDINE 5'-PHOSPHATE DECARBOXYLASE,decarboxylase
P9WHL1,pyrD,Dihydroorotate dehydrogenase (quinone),Mycobacterium tuberculosis (strain ATCC 25618 / H37Rv),357,True,True,2,96.06,0,"DIHYDROOROTATE DEHYDROGENASE (QUINONE), MITOCHONDRIAL-RELATED","DIHYDROOROTATE DEHYDROGENASE (QUINONE), MITOCHONDRIAL",dehydrogenase
P9WHL3,pyrC,Dihydroorotase,Mycobacterium tuberculosis (strain ATCC 25618 / H37Rv),430,True,True,0,97.5,0,ALLANTOINASE,ALLANTOINASE,hydrolase
P9WIT7,pyrB,Aspartate carbamoyltransferase catalytic subunit,Mycobacterium tuberculosis (strain ATCC 25618 / H37Rv),319,True,True,0,92.31,0,"ORNITHINE CARBAMOYLTRANSFERASE, MITOCHONDRIAL",ASPARTATE CARBAMOYLTRANSFERASE,transferase
P9WHL5,purQ,Phosphoribosylformylglycinamidine synthase subunit PurQ,Mycobacterium tuberculosis (strain ATCC 25618 / H37Rv),224,True,True,0,96.81,0,PHOSPHORIBOSYLFORMYLGLYCINAMIDINE SYNTHASE SUBUNIT PURQ,PHOSPHORIBOSYLFORMYLGLYCINAMIDINE SYNTHASE SUBUNIT PURQ,
P9WHM5,purN,Phosphoribosylglycinamide formyltransferase,Mycobacterium tuberculosis (strain ATCC 25618 / H37Rv),215,True,True,2,96.0,0,PHOSPHORIBOSYLGLYCINAMIDE FORMYLTRANSFERASE,PHOSPHORIBOSYLGLYCINAMIDE FORMYLTRANSFERASE,transferase
I6Y4V6,purM,Phosphoribosylformylglycinamidine cyclo-ligase,Mycobacterium tuberculosis (strain ATCC 25618 / H37Rv),364,False,True,0,94.12,0,TRIFUNCTIONAL PURINE BIOSYNTHETIC PROTEIN ADENOSINE-3-RELATED,TRIFUNCTIONAL PURINE BIOSYNTHETIC PROTEIN ADENOSINE-3,
P9WHL7,purL,Phosphoribosylformylglycinamidine synthase subunit PurL,Mycobacterium tuberculosis (strain ATCC 25618 / H37Rv),766,True,True,0,92.94,0,PHOSPHORIBOSYLFORMYLGLYCINAMIDINE SYNTHASE SUBUNIT PURL,PHOSPHORIBOSYLFORMYLGLYCINAMIDINE SYNTHASE SUBUNIT PURL,ligase
P9WHM7,purH,Bifunctional purine biosynthesis protein PurH,Mycobacterium tuberculosis (strain ATCC 25618 / H37Rv),523,True,True,2,96.25,0,BIFUNCTIONAL PURINE BIOSYNTHESIS PROTEIN PURH,BIFUNCTIONAL PURINE BIOSYNTHESIS PROTEIN ATIC,
P9WHQ7,purF,Amidophosphoribosyltransferase,Mycobacterium tuberculosis (strain ATCC 25618 / H37Rv),527,True,True,0,85.25,0,AMIDOPHOSPHORIBOSYLTRANSFERASE,AMIDOPHOSPHORIBOSYLTRANSFERASE,transferase
P9WHM9,purD,Phosphoribosylamine--glycine ligase,Mycobacterium tuberculosis (strain ATCC 25618 / H37Rv),422,True,True,0,96.31,0,PHOSPHORIBOSYLAMINE--GLYCINE LIGASE,"PHOSPHORIBOSYLAMINE--GLYCINE LIGASE, CHLOROPLASTIC",ligase
P9WHN1,purC,Phosphoribosylaminoimidazole-succinocarboxamide synthase,Mycobacterium tuberculosis (strain ATCC 25618 / H37Rv),297,True,True,0,95.31,0,PHOSPHORIBOSYLAMINOIMIDAZOLE-SUCCINOCARBOXAMIDE SYNTHASE,PHOSPHORIBOSYLAMINOIMIDAZOLE-SUCCINOCARBOXAMIDE SYNTHASE,ligase
I6XWA1,purB,Adenylosuccinate lyase,Mycobacterium tuberculosis (strain ATCC 25618 / H37Rv),472,False,True,0,95.19,0,ADENYLOSUCCINATE LYASE,ADENYLOSUCCINATE LYASE,lyase
P9WHN3,purA,Adenylosuccinate synthetase,Mycobacterium tuberculosis (strain ATCC 25618 / H37Rv),432,True,True,0,93.5,0,ADENYLOSUCCINATE SYNTHETASE,ADENYLOSUCCINATE SYNTHETASE,ligase
P9WHN7,pth,Peptidyl-tRNA hydrolase,Mycobacterium tuberculosis (strain ATCC 25618 / H37Rv),191,True,True,9,96.5,0,PEPTIDYL-TRNA HYDROLASE,PEPTIDYL-TRNA HYDROLASE,esterase
P9WKE3,prs,Ribose-phosphate pyrophosphokinase,Mycobacterium tuberculosis (strain ATCC 25618 / H37Rv),326,True,True,0,92.38,0,RIBOSE-PHOSPHATE DIPHOSPHOKINASE FAMILY MEMBER,"RIBOSE-PHOSPHATE PYROPHOSPHOKINASE 1, CHLOROPLASTIC",nucleotide kinase
P9WGK7,prrB,Sensor-type histidine kinase PrrB,Mycobacterium tuberculosis (strain ATCC 25618 / H37Rv),446,True,True,2,85.88,0,TWO-COMPONENT HISTIDINE KINASE,SENSOR-TYPE HISTIDINE KINASE PRRB,histidine kinase receptor of two-component system
P9WGM1,prrA,Transcriptional regulatory protein PrrA,Mycobacterium tuberculosis (strain ATCC 25618 / H37Rv),233,True,True,2,90.31,0,REGULATOR OF RPOS,REGULATOR OF RPOS,winged helix/forkhead transcription factor
P9WFT9,proS,Proline--tRNA ligase,Mycobacterium tuberculosis (strain ATCC 25618 / H37Rv),582,True,True,0,95.19,0,MITOCHONDRIAL RIBOSOME PROTEIN L39/PROLYL-TRNA LIGASE FAMILY MEMBER,PROLINE--TRNA LIGASE,aminoacyl-tRNA synthetase
P9WHU7,proC,Pyrroline-5-carboxylate reductase,Mycobacterium tuberculosis (strain ATCC 25618 / H37Rv),295,True,True,0,91.12,0,PYRROLINE-5-CARBOXYLATE REDUCTASE,PYRROLINE-5-CARBOXYLATE REDUCTASE 3,reductase
P9WHU9,proB,Glutamate 5-kinase,Mycobacterium tuberculosis (strain ATCC 25618 / H37Rv),376,True,True,0,89.12,0,GLUTAMATE 5-KINASE,ISOPENTENYL PHOSPHATE KINASE,amino acid kinase
P9WMQ9,priA,Probable replication restart protein PriA,Mycobacterium tuberculosis (strain ATCC 25618 / H37Rv),655,True,True,0,89.25,0,PRIMOSOMAL PROTEIN N,PRIMOSOMAL PROTEIN N',
P9WHG1,prfB,Peptide chain release factor 2,Mycobacterium tuberculosis (strain ATCC 25618 / H37Rv),371,True,True,0,88.25,0,PEPTIDE CHAIN RELEASE FACTOR 2,CLASS I PEPTIDE CHAIN RELEASE FACTOR,translation release factor
P9WHG3,prfA,Peptide chain release factor 1,Mycobacterium tuberculosis (strain ATCC 25618 / H37Rv),357,True,True,0,87.81,0,LD18447P,LD18447P,translation release factor
P9WHT9,prcB,Proteasome subunit beta,Mycobacterium tuberculosis (strain ATCC 25618 / H37Rv),291,True,True,35,88.88,0,PROTEASOME SUBUNIT ALPHA/BETA,PROTEASOME SUBUNIT ALPHA TYPE-7-1-RELATED,protease
P9WHU1,prcA,Proteasome subunit alpha,Mycobacterium tuberculosis (strain ATCC 25618 / H37Rv),248,True,True,37,90.25,0,PROTEASOME SUBUNIT ALPHA/BETA,PROTEASOME SUBUNIT ALPHA TYPE-7-1-RELATED,protease
O33336,pptT,4'-phosphopantetheinyl transferase PptT,Mycobacterium tuberculosis (strain ATCC 25618 / H37Rv),227,True,True,12,96.06,22,ENTEROBACTIN SYNTHASE COMPONENT D,ENTEROBACTIN SYNTHASE COMPONENT D,
P9WHV7,ppnK,NAD kinase,Mycobacterium tuberculosis (strain ATCC 25618 / H37Rv),307,True,True,4,88.0,15,NAD KINASE,NAD KINASE,nucleotide kinase
P9WI43,PPE4,PPE family protein PPE4,Mycobacterium tuberculosis (strain ATCC 25618 / H37Rv),513,True,True,2,66.25,0,GLUTAMINE-RICH PROTEIN 2,GLUTAMINE-RICH PROTEIN 2,
P9WI55,ppa,Inorganic pyrophosphatase,Mycobacterium tuberculosis (strain ATCC 25618 / H37Rv),162,True,True,10,96.44,24,INORGANIC PYROPHOSPHATASE,SOLUBLE INORGANIC PYROPHOSPHATASE 4,pyrophosphatase
O86374,pmmA,,Mycobacterium tuberculosis (strain ATCC 25618 / H37Rv),465,False,True,0,96.06,0,PHOSPHOMANNOMUTASE,PHOSPHOMANNOMUTASE,mutase
I6X8D2,pks13,Polyketide synthase Pks13,Mycobacterium tuberculosis (strain ATCC 25618 / H37Rv),1733,True,True,30,83.19,66731,FATTY ACID SYNTHASE,SI:DKEY-61P9.11,
P9WI81,pknB,Serine/threonine-protein kinase PknB,Mycobacterium tuberculosis (strain ATCC 25618 / H37Rv),626,True,True,24,84.25,321,MITOGEN-ACTIVATED PROTEIN KINASE KINASE KINASE 20-RELATED,SERINE_THREONINE-PROTEIN KINASE NEKL-3,non-receptor serine/threonine protein kinase
P9WI83,pknA,Serine/threonine-protein kinase PknA,Mycobacterium tuberculosis (strain ATCC 25618 / H37Rv),431,True,True,5,76.81,24,MITOGEN-ACTIVATED PROTEIN KINASE KINASE KINASE 20-RELATED,SERINE_THREONINE-PROTEIN KINASE NEKL-3,non-receptor serine/threonine protein kinase
P9WMZ3,pimB,GDP-mannose-dependent alpha-(1-6)-phosphatidylinositol monomannoside mannosyltransferase,Mycobacterium tuberculosis (strain ATCC 25618 / H37Rv),385,True,True,0,95.38,0,GLYCOSYLTRANSFERASE,COLANIC ACID BIOSYNTHESIS GLYCOSYLTRANSFERASE WCAL-RELATED,glycosyltransferase
P9WMZ5,pimA,Phosphatidyl-myo-inositol mannosyltransferase,Mycobacterium tuberculosis (strain ATCC 25618 / H37Rv),378,True,True,0,89.44,0,GLYCOSYLTRANSFERASE,PHOSPHATIDYL-MYO-INOSITOL MANNOSYLTRANSFERASE,glycosyltransferase
P9WFU1,pheT,Phenylalanine--tRNA ligase beta subunit,Mycobacterium tuberculosis (strain ATCC 25618 / H37Rv),831,True,True,12,93.88,0,PHENYLALANYL-TRNA SYNTHETASE BETA CHAIN AND LEUCINE-RICH REPEAT-CONTAINING PROTEIN 47,PHENYLALANINE--TRNA LIGASE BETA SUBUNIT,aminoacyl-tRNA synthetase
P9WFU3,pheS,Phenylalanine--tRNA ligase alpha subunit,Mycobacterium tuberculosis (strain ATCC 25618 / H37Rv),341,True,True,12,93.75,0,PHENYLALANYL-TRNA SYNTHETASE,"PHENYLALANINE--TRNA LIGASE, MITOCHONDRIAL",aminoacyl-tRNA synthetase
P9WIC3,pheA,Prephenate dehydratase,Mycobacterium tuberculosis (strain ATCC 25618 / H37Rv),321,True,True,0,91.94,0,PREPHENATE DEHYDRATASE  P PROTEIN,PREPHENATE DEHYDRATASE-RELATED,dehydratase
P9WPG3,pgsA3,Probable phosphatidylglycerophosphate synthase,Mycobacterium tuberculosis (strain ATCC 25618 / H37Rv),209,True,False,0,84.44,0,CDP-DIACYLGLYCEROL--GLYCEROL-3-PHOSPHATE 3-PHOSPHATIDYLTRANSFERASE-RELATED,PHOSPHATIDYLGLYCEROPHOSPHATE SYNTHASE-RELATED,transferase
P9WPG5,pgsA2,Putative cardiolipin synthase,Mycobacterium tuberculosis (strain ATCC 25618 / H37Rv),209,True,True,0,84.56,0,CDP-DIACYLGLYCEROL--GLYCEROL-3-PHOSPHATE 3-PHOSPHATIDYLTRANSFERASE-RELATED,"CDP-DIACYLGLYCEROL--GLYCEROL-3-PHOSPHATE 3-PHOSPHATIDYLTRANSFERASE 1, CHLOROPLASTIC",transferase
P9WPG7,pgsA1,Phosphatidylinositol phosphate synthase,Mycobacterium tuberculosis (strain ATCC 25618 / H37Rv),217,True,True,3,92.75,0,,,
L7N695,PE5,PE family immunomodulator PE5,Mycobacterium tuberculosis (strain ATCC 25618 / H37Rv),102,True,True,2,95.81,0,,,
L7N672,pcnA,,Mycobacterium tuberculosis (strain ATCC 25618 / H37Rv),480,False,True,0,90.75,0,"CCA TRNA NUCLEOTIDYLTRANSFERASE 1, MITOCHONDRIAL","CCA TRNA NUCLEOTIDYLTRANSFERASE 1, MITOCHONDRIAL",RNA processing factor
P9WIJ9,parB,Probable chromosome-partitioning protein ParB,Mycobacterium tuberculosis (strain ATCC 25618 / H37Rv),344,True,True,0,73.69,0,CHROMOSOME-PARTITIONING PROTEIN PARB-RELATED,CHROMOSOME-PARTITIONING PROTEIN PARB-RELATED,
Q1LVD4,parA,,Mycobacterium tuberculosis (strain ATCC 25618 / H37Rv),347,False,True,0,83.12,0,P-LOOP CONTAINING NUCLEOSIDE TRIPHOSPHATE HYDROLASE,PARA FAMILY PROTEIN CT_582,hydrolase
P9WIL3,panD,Aspartate 1-decarboxylase,Mycobacterium tuberculosis (strain ATCC 25618 / H37Rv),139,True,True,9,94.56,0,ASPARTATE 1-DECARBOXYLASE,ASPARTATE 1-DECARBOXYLASE,decarboxylase
P9WIL5,panC,Pantothenate synthetase,Mycobacterium tuberculosis (strain ATCC 25618 / H37Rv),309,True,True,40,92.81,185,CYTIDYLATE KINASE/PANTOATE-BETA-ALANINE LIGASE,PANTOATE--BETA-ALANINE LIGASE,
P9WIL7,panB,3-methyl-2-oxobutanoate hydroxymethyltransferase,Mycobacterium tuberculosis (strain ATCC 25618 / H37Rv),281,True,True,1,93.69,0,3-METHYL-2-OXOBUTANOATE HYDROXYMETHYLTRANSFERASE,3-METHYL-2-OXOBUTANOATE HYDROXYMETHYLTRANSFERASE,methyltransferase
O05591,pabB,,Mycobacterium tuberculosis (strain ATCC 25618 / H37Rv),458,False,True,0,87.31,0,AMINOBENZOATE/ANTHRANILATE SYNTHASE,AMINODEOXYCHORISMATE SYNTHASE COMPONENT 1,
P9WFZ5,otsB,Trehalose-phosphate phosphatase,Mycobacterium tuberculosis (strain ATCC 25618 / H37Rv),391,True,True,1,92.88,0,TREHALOSE 6-PHOSPHATE PHOSPHATASE,TREHALOSE 6-PHOSPHATE PHOSPHATASE,phosphatase
P9WIU1,orn,Oligoribonuclease,Mycobacterium tuberculosis (strain ATCC 25618 / H37Rv),215,True,True,0,92.06,0,"OLIGORIBONUCLEASE, MITOCHONDRIAL","OLIGORIBONUCLEASE, MITOCHONDRIAL",endoribonuclease
P9WMT1,obg,GTPase Obg,Mycobacterium tuberculosis (strain ATCC 25618 / H37Rv),479,True,True,0,78.81,0,DEVELOPMENTALLY REGULATED GTP-BINDING PROTEIN-RELATED,MITOCHONDRIAL RIBOSOME-ASSOCIATED GTPASE 2,
P9WIU9,nusG,Transcription termination/antitermination protein NusG,Mycobacterium tuberculosis (strain ATCC 25618 / H37Rv),238,True,True,5,77.44,0,RHO-INTERACTING TRANSCRIPTION TERMINATION FACTOR NUSG,TRANSCRIPTION TERMINATION_ANTITERMINATION PROTEIN NUSG,
P9WIV1,nusB,Transcription antitermination protein NusB,Mycobacterium tuberculosis (strain ATCC 25618 / H37Rv),156,True,True,1,92.75,0,N UTILIZATION SUBSTANCE PROTEIN B-RELATED,ANTITERMINATION NUSB DOMAIN-CONTAINING PROTEIN,
P9WIV3,nusA,Transcription termination/antitermination protein NusA,Mycobacterium tuberculosis (strain ATCC 25618 / H37Rv),347,True,True,3,91.25,0,TRANSCRIPTION TERMINATION FACTOR NUSA,TRANSCRIPTION TERMINATION_ANTITERMINATION PROTEIN NUSA,RNA processing factor
P9WIZ3,nrdI,Protein NrdI,Mycobacterium tuberculosis (strain ATCC 25618 / H37Rv),150,True,True,4,90.94,0,PROTEIN NRDI,PROTEIN NRDI,
P9WH71,nrdF2,Ribonucleoside-diphosphate reductase subunit beta nrdF2,Mycobacterium tuberculosis (strain ATCC 25618 / H37Rv),324,True,True,3,90.5,0,RIBONUCLEOSIDE-DIPHOSPHATE REDUCTASE SMALL CHAIN,RIBONUCLEOSIDE-DIPHOSPHATE REDUCTASE SUBUNIT M2,reductase
P9WH75,nrdE,Ribonucleoside-diphosphate reductase subunit alpha,Mycobacterium tuberculosis (strain ATCC 25618 / H37Rv),725,True,True,0,92.38,7,RIBONUCLEOSIDE-DIPHOSPHATE REDUCTASE LARGE CHAIN,RIBONUCLEOSIDE-DIPHOSPHATE REDUCTASE 2 SUBUNIT ALPHA,reductase
P9WJJ3,nadE,Glutamine-dependent NAD(+) synthetase,Mycobacterium tuberculosis (strain ATCC 25618 / H37Rv),679,True,True,7,96.31,0,NH 3 /GLUTAMINE-DEPENDENT NAD +  SYNTHETASE,GLUTAMINE-DEPENDENT NAD(+) SYNTHETASE,ligase
P9WJJ5,nadD,Probable nicotinate-nucleotide adenylyltransferase,Mycobacterium tuberculosis (strain ATCC 25618 / H37Rv),214,True,True,6,85.69,0,NICOTINAMIDE MONONUCLEOTIDE ADENYLYLTRANSFERASE,NICOTINAMIDE-NUCLEOTIDE ADENYLYLTRANSFERASE,nucleotidyltransferase
P9WJJ7,nadC,Nicotinate-nucleotide pyrophosphorylase [carboxylating],Mycobacterium tuberculosis (strain ATCC 25618 / H37Rv),285,True,True,4,97.56,0,NICOTINATE-NUCLEOTIDE PYROPHOSPHORYLASE [CARBOXYLATING],NICOTINATE-NUCLEOTIDE PYROPHOSPHORYLASE [CARBOXYLATING],
P9WJJ9,nadB,L-aspartate oxidase,Mycobacterium tuberculosis (strain ATCC 25618 / H37Rv),527,True,True,0,94.0,0,L-ASPARTATE OXIDASE,"L-ASPARTATE OXIDASE, CHLOROPLASTIC",oxidase
P9WJK1,nadA,Quinolinate synthase,Mycobacterium tuberculosis (strain ATCC 25618 / H37Rv),349,True,True,0,94.06,0,QUINOLINATE SYNTHETASE A,"QUINOLINATE SYNTHASE, CHLOROPLASTIC",transferase
O53695,mycP3,Mycosin-3,Mycobacterium tuberculosis (strain ATCC 25618 / H37Rv),461,True,True,0,88.06,0,PROPROTEIN CONVERTASE SUBTILISIN/KEXIN-RELATED,NEUROENDOCRINE CONVERTASE 1,serine protease
P9WMW7,mraY,Phospho-N-acetylmuramoyl-pentapeptide-transferase,Mycobacterium tuberculosis (strain ATCC 25618 / H37Rv),359,True,True,0,93.12,2,PHOSPHO-N-ACETYLMURAMOYL-PENTAPEPTIDE-TRANSFERASE,PHOSPHO-N-ACETYLMURAMOYL-PENTAPEPTIDE-TRANSFERASE HOMOLOG,glycosyltransferase
P9WPW9,murI,Glutamate racemase,Mycobacterium tuberculosis (strain ATCC 25618 / H37Rv),271,True,True,1,95.25,5,GLUTAMATE RACEMASE,GLUTAMATE RACEMASE,
P9WJK9,murG,UDP-N-acetylglucosamine--N-acetylmuramyl-(pentapeptide) pyrophosphoryl-undecaprenol N-acetylglucosamine transferase,Mycobacterium tuberculosis (strain ATCC 25618 / H37Rv),410,True,True,0,87.88,0,UDP-N-ACETYLGLUCOSAMINE--N-ACETYLMURAMYL-(PENTAPEPTIDE) PYROPHOSPHORYL-UNDECAPRENOL N-ACETYLGLUCOSAMINE TRANSFERASE 1,GLYCOSYLTRANSFERASE,glycosyltransferase
P9WJL1,murF,UDP-N-acetylmuramoyl-tripeptide--D-alanyl-D-alanine ligase,Mycobacterium tuberculosis (strain ATCC 25618 / H37Rv),510,True,True,0,92.88,0,UDP-N-ACETYLMURAMOYL-TRIPEPTIDE--D-ALANYL-D-ALANINE LIGASE,UDP-N-ACETYLMURAMOYL-TRIPEPTIDE--D-ALANYL-D-ALANINE LIGASE,ligase
P9WJL3,murE,"UDP-N-acetylmuramoyl-L-alanyl-D-glutamate--2,6-diaminopimelate ligase",Mycobacterium tuberculosis (strain ATCC 25618 / H37Rv),535,True,True,2,91.5,1,MUR LIGASE FAMILY MEMBER,"UDP-N-ACETYLMURAMOYL-L-ALANYL-D-GLUTAMATE--2,6-DIAMINOPIMELATE LIGASE MURE HOMOLOG, CHLOROPLASTIC",ligase
P9WJL5,murD,UDP-N-acetylmuramoylalanine--D-glutamate ligase,Mycobacterium tuberculosis (strain ATCC 25618 / H37Rv),496,True,True,0,91.0,0,UDP-N-ACETYLMURAMOYLALANINE--D-GLUTAMATE LIGASE,UDP-N-ACETYLMURAMOYLALANINE--D-GLUTAMATE LIGASE,ligase
P9WJL7,murC,UDP-N-acetylmuramate--L-alanine ligase,Mycobacterium tuberculosis (strain ATCC 25618 / H37Rv),494,True,True,0,92.31,0,UDP-N-ACETYLMURAMATE--L-ALANINE LIGASE-RELATED,UDP-N-ACETYLMURAMATE--L-ALANINE LIGASE,ligase
P9WJL9,murB,UDP-N-acetylenolpyruvoylglucosamine reductase,Mycobacterium tuberculosis (strain ATCC 25618 / H37Rv),369,True,True,1,94.38,0,UDP-N-ACETYLENOLPYRUVOYLGLUCOSAMINE REDUCTASE,UDP-N-ACETYLENOLPYRUVOYLGLUCOSAMINE REDUCTASE,reductase
P9WJM1,murA,UDP-N-acetylglucosamine 1-carboxyvinyltransferase,Mycobacterium tuberculosis (strain ATCC 25618 / H37Rv),418,True,True,0,96.81,0,UDP-N-ACETYLGLUCOSAMINE 1-CARBOXYVINYLTRANSFERASE,UDP-N-ACETYLGLUCOSAMINE 1-CARBOXYVINYLTRANSFERASE,transferase
P9WGM7,mtrA,DNA-binding response regulator MtrA,Mycobacterium tuberculosis (strain ATCC 25618 / H37Rv),228,True,True,2,92.56,0,REGULATOR OF RPOS,DNA-BINDING DUAL MASTER TRANSCRIPTIONAL REGULATOR RPAA,winged helix/forkhead transcription factor
P9WJN7,mrp,Iron-sulfur cluster carrier protein,Mycobacterium tuberculosis (strain ATCC 25618 / H37Rv),381,True,True,0,87.81,0,IRON-SULFUR PROTEIN NUBPL,IRON-SULFUR PROTEIN NUBPL,
O53508,mptA,Alpha-(1->6)-mannopyranosyltransferase A,Mycobacterium tuberculosis (strain ATCC 25618 / H37Rv),516,True,True,0,93.12,0,,,
P9WGL1,mprB,Signal transduction histidine-protein kinase/phosphatase MprB,Mycobacterium tuberculosis (strain ATCC 25618 / H37Rv),504,True,True,0,84.5,0,SENSOR PROTEIN CREC,SENSOR PROTEIN CREC,
Q79FN7,moxR1,Chaperone MoxR1,Mycobacterium tuberculosis (strain ATCC 25618 / H37Rv),377,True,True,0,85.5,0,AAA FAMILY ATPASE,TRANSCRIPTIONAL REGULATORY PROTEIN MOXR1-RELATED,transferase
P9WMN7,moeZ,Probable adenylyltransferase/sulfurtransferase MoeZ,Mycobacterium tuberculosis (strain ATCC 25618 / H37Rv),392,True,True,0,92.81,0,UBIQUITIN-ACTIVATING ENZYME E1,ADENYLYLTRANSFERASE AND SULFURTRANSFERASE MOCS3,ubiquitin-protein ligase
P9WFU5,metG,Methionine--tRNA ligase,Mycobacterium tuberculosis (strain ATCC 25618 / H37Rv),519,True,True,1,94.94,0,METHIONYL-TRNA SYNTHETASE,"METHIONINE--TRNA LIGASE, MITOCHONDRIAL",aminoacyl-tRNA synthetase
P9WGV1,metK,S-adenosylmethionine synthase,Mycobacterium tuberculosis (strain ATCC 25618 / H37Rv),403,True,True,1,94.88,0,S-ADENOSYLMETHIONINE SYNTHETASE,S-ADENOSYLMETHIONINE SYNTHASE,nucleotidyltransferase
P9WK07,metE,5-methyltetrahydropteroyltriglutamate--homocysteine methyltransferase,Mycobacterium tuberculosis (strain ATCC 25618 / H37Rv),759,True,True,0,94.94,0,5-METHYLTETRAHYDROPTEROYLTRIGLUTAMATE--HOMOCYSTEINE METHYLTRANSFERASE,5-METHYLTETRAHYDROPTEROYLTRIGLUTAMATE--HOMOCYSTEINE METHYLTRANSFERASE,methyltransferase
P9WJY9,metXA,Homoserine O-acetyltransferase,Mycobacterium tuberculosis (strain ATCC 25618 / H37Rv),379,True,True,3,96.31,0,HOMOSERINE O-ACETYLTRANSFERASE,HOMOSERINE O-ACETYLTRANSFERASE,acetyltransferase
P9WG53,tilS,tRNA(Ile)-lysidine synthase,Mycobacterium tuberculosis (strain ATCC 25618 / H37Rv),323,True,True,0,93.62,0,TRNA(ILE)-LYSIDINE SYNTHASE-RELATED,TRNA(ILE)-LYSIDINE SYNTHASE-RELATED,
P9WFR3,menG,Demethylmenaquinone methyltransferase,Mycobacterium tuberculosis (strain ATCC 25618 / H37Rv),234,True,True,0,91.88,0,METHYLTRANSFERASE,"2-METHOXY-6-POLYPRENYL-1,4-BENZOQUINOL METHYLASE, MITOCHONDRIAL",methyltransferase
P9WQ39,menE,Probable 2-succinylbenzoate--CoA ligase,Mycobacterium tuberculosis (strain ATCC 25618 / H37Rv),383,True,True,0,91.88,0,LONG-CHAIN-FATTY-ACID--COA LIGASE,NONRIBOSOMAL PEPTIDE SYNTHASE PES1 (EUROFUNG)-RELATED,ligase
P9WK11,menD,2-succinyl-5-enolpyruvyl-6-hydroxy-3-cyclohexene-1-carboxylate synthase,Mycobacterium tuberculosis (strain ATCC 25618 / H37Rv),554,True,True,13,94.5,0,2-SUCCINYL-5-ENOLPYRUVYL-6-HYDROXY-3-CYCLOHEXENE-1-CARBOXYLATE SYNTHASE,"PROTEIN PHYLLO, CHLOROPLASTIC",transferase
P9WJP3,menC,o-succinylbenzoate synthase,Mycobacterium tuberculosis (strain ATCC 25618 / H37Rv),326,True,True,0,94.94,0,O-SUCCINYLBENZOATE SYNTHASE-RELATED,O-SUCCINYLBENZOATE SYNTHASE,
P9WNP5,menB,"1,4-dihydroxy-2-naphthoyl-CoA synthase",Mycobacterium tuberculosis (strain ATCC 25618 / H37Rv),314,True,True,8,93.94,51,NUCLEOSIDE-DIPHOSPHATE-SUGAR EPIMERASE,"1,4-DIHYDROXY-2-NAPHTHOYL-COA SYNTHASE, PEROXISOMAL",epimerase/racemase
P9WIP3,menA,"1,4-dihydroxy-2-naphthoate octaprenyltransferase",Mycobacterium tuberculosis (strain ATCC 25618 / H37Rv),292,True,True,0,94.81,31,"1,4-DIHYDROXY-2-NAPHTHOATE OCTAPRENYLTRANSFERASE",UBIA PRENYLTRANSFERASE DOMAIN-CONTAINING PROTEIN 1,transferase
L7N6A5,manB,Mannose-1-phosphate guanylyltransferase,Mycobacterium tuberculosis (strain ATCC 25618 / H37Rv),359,True,True,0,95.94,0,SUGAR-1-PHOSPHATE GUANYL TRANSFERASE,MANNOSE-1-PHOSPHATE GUANYLYLTRANSFERASE,transferase
O05898,manA,mannose-6-phosphate isomerase,Mycobacterium tuberculosis (strain ATCC 25618 / H37Rv),408,False,True,0,96.5,0,MANNOSE-6-PHOSPHATE ISOMERASE,MANNOSE-6-PHOSPHATE ISOMERASE,isomerase
P9WKG1,ispH2,4-hydroxy-3-methylbut-2-enyl diphosphate reductase 2,Mycobacterium tuberculosis (strain ATCC 25618 / H37Rv),335,True,True,0,93.31,0,4-HYDROXY-3-METHYLBUT-2-ENYL DIPHOSPHATE REDUCTASE,4-HYDROXY-3-METHYLBUT-2-ENYL DIPHOSPHATE REDUCTASE,reductase
P9WFU9,lysS1,Lysine--tRNA ligase 1,Mycobacterium tuberculosis (strain ATCC 25618 / H37Rv),505,True,True,9,94.12,0,LYSYL-TRNA SYNTHETASE,"LYSINE--TRNA LIGASE, CHLOROPLASTIC_MITOCHONDRIAL",aminoacyl-tRNA synthetase
P9WIU7,lysA,Diaminopimelate decarboxylase,Mycobacterium tuberculosis (strain ATCC 25618 / H37Rv),447,True,True,3,97.19,0,DIAMINOPIMELATE DECARBOXYLASE,GROUP IV DECARBOXYLASE,decarboxylase
P9WGU7,lpqW,Probable monoacyl phosphatidylinositol tetramannoside-binding protein LpqW,Mycobacterium tuberculosis (strain ATCC 25618 / H37Rv),635,True,True,0,87.12,0,PERIPLASMIC BINDING COMPONENT OF ABC TRANSPORTER,MONOACYL PHOSPHATIDYLINOSITOL TETRAMANNOSIDE-BINDING PROTEIN LPQW-RELATED,ATP-binding cassette (ABC) transporter
P9WK37,lpqB,Lipoprotein LpqB,Mycobacterium tuberculosis (strain ATCC 25618 / H37Rv),587,True,True,0,91.38,0,,,
I6Y293,lppZ,,Mycobacterium tuberculosis (strain ATCC 25618 / H37Rv),373,False,True,0,89.06,0,,,
P9WK91,lipA,Lipoyl synthase,Mycobacterium tuberculosis (strain ATCC 25618 / H37Rv),311,True,True,3,92.38,0,LIPOYL SYNTHASE,"LIPOYL SYNTHASE, MITOCHONDRIAL",
P9WNV1,ligA,DNA ligase A,Mycobacterium tuberculosis (strain ATCC 25618 / H37Rv),691,True,True,10,88.88,5,CHROMOSOME TRANSMISSION FIDELITY FACTOR 18,DNA LIGASE,DNA metabolism protein
P9WFV1,leuS,Leucine--tRNA ligase,Mycobacterium tuberculosis (strain ATCC 25618 / H37Rv),969,True,True,4,90.75,86,LEUCYL-TRNA SYNTHETASE,"LEUCINE--TRNA LIGASE, MITOCHONDRIAL",aminoacyl-tRNA synthetase
P9WKK9,leuB,3-isopropylmalate dehydrogenase,Mycobacterium tuberculosis (strain ATCC 25618 / H37Rv),336,True,True,2,97.88,0,D-MALATE DEHYDROGENASE [DECARBOXYLATING],D-MALATE DEHYDROGENASE [DECARBOXYLATING],dehydrogenase
P9WQB3,leuA,2-isopropylmalate synthase,Mycobacterium tuberculosis (strain ATCC 25618 / H37Rv),644,True,True,7,89.12,0,FAMILY NOT NAMED,2-ISOPROPYLMALATE SYNTHASE,
P9WKA1,lepB,Signal peptidase I,Mycobacterium tuberculosis (strain ATCC 25618 / H37Rv),294,True,True,0,82.62,0,SIGNAL PEPTIDASE I,CHLOROPLAST PROCESSING PEPTIDASE,serine protease
P9WQD9,kasA,3-oxoacyl-[acyl-carrier-protein] synthase 1,Mycobacterium tuberculosis (strain ATCC 25618 / H37Rv),416,True,True,14,98.5,34,POLYKETIDE SYNTHASE-RELATED,"3-OXOACYL-[ACYL-CARRIER-PROTEIN] SYNTHASE, MITOCHONDRIAL",
P9WKG5,ispF,"2-C-methyl-D-erythritol 2,4-cyclodiphosphate synthase",Mycobacterium tuberculosis (strain ATCC 25618 / H37Rv),159,True,True,0,96.25,1,"2-C-METHYL-D-ERYTHRITOL 2,4-CYCLODIPHOSPHATE SYNTHASE, CHLOROPLASTIC","2-C-METHYL-D-ERYTHRITOL 2,4-CYCLODIPHOSPHATE SYNTHASE, CHLOROPLASTIC",
P9WKG7,ispE,4-diphosphocytidyl-2-C-methyl-D-erythritol kinase,Mycobacterium tuberculosis (strain ATCC 25618 / H37Rv),318,True,True,4,92.88,0,"4-DIPHOSPHOCYTIDYL-2-C-METHYL-D-ERYTHRITOL KINASE, CHLOROPLASTIC","4-DIPHOSPHOCYTIDYL-2-C-METHYL-D-ERYTHRITOL KINASE, CHLOROPLASTIC",amino acid kinase
P9WKG9,ispD,2-C-methyl-D-erythritol 4-phosphate cytidylyltransferase,Mycobacterium tuberculosis (strain ATCC 25618 / H37Rv),231,True,True,4,91.69,0,"2-C-METHYL-D-ERYTHRITOL 4-PHOSPHATE CYTIDYLYLTRANSFERASE, CHLOROPLASTIC","2-C-METHYL-D-ERYTHRITOL 4-PHOSPHATE CYTIDYLYLTRANSFERASE, CHLOROPLASTIC",transferase
P9WKI1,ino1,Inositol-3-phosphate synthase,Mycobacterium tuberculosis (strain ATCC 25618 / H37Rv),367,True,True,1,92.81,0,INOSITOL-3-PHOSPHATE SYNTHASE,INOSITOL-3-PHOSPHATE SYNTHASE,
P9WGR1,inhA,Enoyl-[acyl-carrier-protein] reductase [NADH],Mycobacterium tuberculosis (strain ATCC 25618 / H37Rv),269,True,True,114,94.19,971,ENOYL-[ACYL-CARRIER-PROTEIN] REDUCTASE,"ENOYL-[ACYL-CARRIER-PROTEIN] REDUCTASE [NADH], CHLOROPLASTIC",reductase
P9WKJ9,infC,Translation initiation factor IF-3,Mycobacterium tuberculosis (strain ATCC 25618 / H37Rv),201,True,True,0,82.31,0,TRANSLATION INITIATION FACTOR IF-3,"TRANSLATION INITIATION FACTOR IF-3, MITOCHONDRIAL",translation initiation factor
P9WKK1,infB,Translation initiation factor IF-2,Mycobacterium tuberculosis (strain ATCC 25618 / H37Rv),900,True,True,0,74.44,0,TRANSLATION INITIATION FACTOR IF-2-RELATED,TR-TYPE G DOMAIN-CONTAINING PROTEIN,translation initiation factor
P9WQ75,ilvE,Branched-chain-amino-acid aminotransferase,Mycobacterium tuberculosis (strain ATCC 25618 / H37Rv),368,True,True,2,96.38,0,SUBGROUP IIII AMINOTRANSFERASE,BRANCHED-CHAIN-AMINO-ACID AMINOTRANSFERASE,transaminase
P9WKJ5,ilvD,Dihydroxy-acid dehydratase,Mycobacterium tuberculosis (strain ATCC 25618 / H37Rv),575,True,True,1,94.19,0,DIHYDROXY-ACID DEHYDRATASE  DAD,"DIHYDROXY-ACID DEHYDRATASE, MITOCHONDRIAL",dehydratase
P9WKJ7,ilvC,Ketol-acid reductoisomerase (NADP(+)),Mycobacterium tuberculosis (strain ATCC 25618 / H37Rv),337,True,True,1,96.06,0,"KETOL-ACID REDUCTOISOMERASE, MITOCHONDRIAL","KETOL-ACID REDUCTOISOMERASE, MITOCHONDRIAL",
P9WG41,ilvB1,Acetolactate synthase large subunit IlvB1,Mycobacterium tuberculosis (strain ATCC 25618 / H37Rv),618,True,True,0,93.0,0,THIAMINE PYROPHOSPHATE ENZYMES,"ACETOLACTATE SYNTHASE CATALYTIC SUBUNIT, MITOCHONDRIAL",ligase
P9WG95,ilvA,L-threonine dehydratase biosynthetic IlvA,Mycobacterium tuberculosis (strain ATCC 25618 / H37Rv),429,True,True,0,93.06,0,"THREONINE DEHYDRATASE, MITOCHONDRIAL-RELATED","THREONINE DEHYDRATASE, MITOCHONDRIAL",dehydratase
P9WFV3,ileS,Isoleucine--tRNA ligase,Mycobacterium tuberculosis (strain ATCC 25618 / H37Rv),1041,True,True,0,92.81,0,SOLEUCYL-TRNA SYNTHETASE,"ISOLEUCINE--TRNA LIGASE, CYTOPLASMIC",aminoacyl-tRNA synthetase
P9WMH1,ideR,Iron-dependent repressor IdeR,Mycobacterium tuberculosis (strain ATCC 25618 / H37Rv),230,True,True,3,95.44,0,"IRON (METAL) DEPENDENT REPRESSOR, DTXR FAMILY",IRON-DEPENDENT REPRESSOR IDER,winged helix/forkhead transcription factor
O06291,htrA1,Probable serine protease HtrA1,Mycobacterium tuberculosis (strain ATCC 25618 / H37Rv),528,True,True,15,78.44,0,SERINE ENDOPROTEASE DEGS,SERINE ENDOPROTEASE DEGS,serine protease
P9WHQ9,hpt,Hypoxanthine-guanine phosphoribosyltransferase,Mycobacterium tuberculosis (strain ATCC 25618 / H37Rv),202,True,True,7,89.19,13,HYPOXANTHINE-GUANINE PHOSPHORIBOSYLTRANSFERASE,HYPOXANTHINE PHOSPHORIBOSYLTRANSFERASE,glycosyltransferase
P9WFV5,hisS,Histidine--tRNA ligase,Mycobacterium tuberculosis (strain ATCC 25618 / H37Rv),423,True,True,0,94.44,0,HISTIDYL-TRNA SYNTHETASE,"HISTIDINE--TRNA LIGASE, MITOCHONDRIAL-RELATED",aminoacyl-tRNA synthetase
P9WMM7,hisI,Phosphoribosyl-AMP cyclohydrolase,Mycobacterium tuberculosis (strain ATCC 25618 / H37Rv),115,True,True,0,97.5,0,HISTIDINE BIOSYNTHESIS BIFUNCTIONAL PROTEIN,PHOSPHORIBOSYL-AMP CYCLOHYDROLASE,hydrolase
P9WMM1,hisH,Imidazole glycerol phosphate synthase subunit HisH,Mycobacterium tuberculosis (strain ATCC 25618 / H37Rv),206,True,True,0,97.25,0,IMIDAZOLE GLYCEROL PHOSPHATE SYNTHASE SUBUNIT HISH,IMIDAZOLE GLYCEROL PHOSPHATE SYNTHASE SUBUNIT HISH,
P9WMN1,hisG,ATP phosphoribosyltransferase,Mycobacterium tuberculosis (strain ATCC 25618 / H37Rv),284,True,True,5,95.62,13,ATP PHOSPHORIBOSYLTRANSFERASE  ATP-PRTASE,ATP PHOSPHORIBOSYLTRANSFERASE,glycosyltransferase
P9WMM3,hisF,Imidazole glycerol phosphate synthase subunit HisF,Mycobacterium tuberculosis (strain ATCC 25618 / H37Rv),267,True,True,0,91.44,0,IMIDAZOLE GLYCEROL PHOSPHATE SYNTHASE SUBUNIT HISF/H  IGP SYNTHASE SUBUNIT HISF/H,IMIDAZOLE GLYCEROL PHOSPHATE SYNTHASE HISHF,lyase
P9WMM9,hisE,Phosphoribosyl-ATP pyrophosphatase,Mycobacterium tuberculosis (strain ATCC 25618 / H37Rv),93,True,True,2,95.38,0,HISTIDINE BIOSYNTHESIS BIFUNCTIONAL PROTEIN,HISTIDINE BIOSYNTHESIS BIFUNCTIONAL PROTEIN HIS7,hydrolase
P9WNW9,hisD,Histidinol dehydrogenase,Mycobacterium tuberculosis (strain ATCC 25618 / H37Rv),444,True,True,0,95.81,0,HISTIDINOL DEHYDROGENASE  HDH,HISTIDINE BIOSYNTHESIS TRIFUNCTIONAL PROTEIN,dehydrogenase
P9WML7,hisC,Histidinol-phosphate aminotransferase,Mycobacterium tuberculosis (strain ATCC 25618 / H37Rv),380,True,True,2,94.69,0,HISTIDINOL-PHOSPHATE AMINOTRANSFERASE-RELATED,HISTIDINOL-PHOSPHATE AMINOTRANSFERASE,transaminase
P9WML9,hisB,Imidazoleglycerol-phosphate dehydratase,Mycobacterium tuberculosis (strain ATCC 25618 / H37Rv),210,True,True,12,95.44,0,IMIDAZOLEGLYCEROL-PHOSPHATE DEHYDRATASE HIS7,IMIDAZOLEGLYCEROL-PHOSPHATE DEHYDRATASE,dehydratase
P9WMM5,priA,Phosphoribosyl isomerase A,Mycobacterium tuberculosis (strain ATCC 25618 / H37Rv),244,True,True,4,96.62,0,1-(5-PHOSPHORIBOSYL)-5-[(5-PHOSPHORIBOSYLAMINO)METHYLIDENEAMINO] IMIDAZOLE-4-CARBOXAMIDE ISOMERASE,1-(5-PHOSPHORIBOSYL)-5-[(5-PHOSPHORIBOSYLAMINO)METHYLIDENEAMINO] IMIDAZOLE-4-CARBOXAMIDE ISOMERASE,isomerase
P9WNE3,cpfC,Coproporphyrin III ferrochelatase,Mycobacterium tuberculosis (strain ATCC 25618 / H37Rv),344,True,True,0,92.94,0,FERROCHELATASE,"FERROCHELATASE, MITOCHONDRIAL",lyase
P9WMP1,cgoX,Coproporphyrinogen III oxidase,Mycobacterium tuberculosis (strain ATCC 25618 / H37Rv),452,True,True,0,95.44,0,PROTOPORPHYRINOGEN OXIDASE,PROTOPORPHYRINOGEN OXIDASE,oxidase
P9WMN9,hemL,"Glutamate-1-semialdehyde 2,1-aminomutase",Mycobacterium tuberculosis (strain ATCC 25618 / H37Rv),462,True,True,0,92.0,0,"GLUTAMATE-1-SEMIALDEHYDE 2,1-AMINOMUTASE","GLUTAMATE-1-SEMIALDEHYDE 2,1-AMINOMUTASE 1, CHLOROPLASTIC-RELATED",mutase
P9WFE1,hemE,Uroporphyrinogen decarboxylase,Mycobacterium tuberculosis (strain ATCC 25618 / H37Rv),357,True,True,0,96.75,0,METHYLTETRAHYDROFOLATE:HOMOCYSTEINE METHYLTRANSFERASE RELATED,UROPORPHYRINOGEN DECARBOXYLASE,methyltransferase
P9WMP3,hemC,Porphobilinogen deaminase,Mycobacterium tuberculosis (strain ATCC 25618 / H37Rv),309,True,True,0,92.75,0,PORPHOBILINOGEN DEAMINASE,PORPHOBILINOGEN DEAMINASE,deaminase
P9WMP5,hemB,Delta-aminolevulinic acid dehydratase,Mycobacterium tuberculosis (strain ATCC 25618 / H37Rv),329,True,True,0,97.19,0,DELTA-AMINOLEVULINIC ACID DEHYDRATASE,DELTA-AMINOLEVULINIC ACID DEHYDRATASE,dehydratase
P9WMP7,hemA,Glutamyl-tRNA reductase,Mycobacterium tuberculosis (strain ATCC 25618 / H37Rv),468,True,True,0,87.0,0,GLUTAMYL-TRNA REDUCTASE,GLUTAMYL-TRNA REDUCTASE,translational protein
